<materialsextension
	name="New Doodads"
	author="Uforoid"
	description="Adds the missing beds to the editor."
	client="8.10;8.20 - 8.31">

	<brush name="pirate statue" type="doodad" server_lookid="5671" draggable="true" on_blocking="true" thickness="10/10">
		<alternate> <item id="5671" chance="30"/> </alternate> -- south --
		<alternate> <item id="5674" chance="30"/> </alternate> -- east --
		<alternate> <item id="5673" chance="30"/> </alternate> -- north --
		<alternate> <item id="5672" chance="30"/> </alternate> -- west --
	</brush>

	<tileset name="Statues">
		<doodad>
			<brush name="pirate statue"/>
		</doodad>
	</tileset>

	<brush name="cane stufts" type="doodad" server_lookid="5471">
		<item id="5463" chance="10"/>
		<item id="5464" chance="10"/>
		<item id="5466" chance="10"/>
		<item id="5471" chance="10"/>
	</brush>

	<tileset name="Nature">
		<doodad>
			<brush name="cane stufts"/>
		</doodad>
	</tileset>

	<brush name="female golden bed" type="doodad" server_lookid="7795" draggable="true" on_blocking="true" thickness="100/100">
		<alternate>
			-- south --
			<composite chance="10">
				<tile x="0" y="0">
					<item id="7795"/>
				</tile>
				<tile x="0" y="1">
					<item id="7796"/>
				</tile>
			</composite>
		</alternate>
		<alternate>
			-- east --
			<composite chance="10">
				<tile x="0" y="0">
					<item id="7809"/>
				</tile>
				<tile x="1" y="0">
					<item id="7810"/>
				</tile>
			</composite>
		</alternate>
	</brush>

	<brush name="golden bed" type="doodad" server_lookid="7819" draggable="true" on_blocking="true" thickness="100/100">
		<alternate>
			-- south --
			<composite chance="10">
				<tile x="0" y="0">
					<item id="7819"/>
				</tile>
				<tile x="0" y="1">
					<item id="7820"/>
				</tile>
			</composite>
		</alternate>
		<alternate>
			-- east --
			<composite chance="10">
				<tile x="0" y="0">
					<item id="7821"/>
				</tile>
				<tile x="1" y="0">
					<item id="7822"/>
				</tile>
			</composite>
		</alternate>
	</brush>

	<brush name="male golden bed" type="doodad" server_lookid="7795" draggable="true" on_blocking="true" thickness="100/100">
		<alternate>
			-- south --
			<composite chance="10">
				<tile x="0" y="0">
					<item id="7795"/>
				</tile>
				<tile x="0" y="1">
					<item id="7796"/>
				</tile>
			</composite>
		</alternate>
		<alternate>
			-- east --
			<composite chance="10">
				<tile x="0" y="0">
					<item id="7797"/>
				</tile>
				<tile x="1" y="0">
					<item id="7798"/>
				</tile>
			</composite>
		</alternate>
	</brush>

	<brush name="male green bed" type="doodad" server_lookid="7787" draggable="true" on_blocking="true" thickness="100/100">
		<alternate>
			-- south --
			<composite chance="10">
				<tile x="0" y="0">
					<item id="7787"/>
				</tile>
				<tile x="0" y="1">
					<item id="7788"/>
				</tile>
			</composite>
		</alternate>
		<alternate>
			-- east --
			<composite chance="10">
				<tile x="0" y="0">
					<item id="7789"/>
				</tile>
				<tile x="1" y="0">
					<item id="7790"/>
				</tile>
			</composite>
		</alternate>
	</brush>

	<brush name="female green bed" type="doodad" server_lookid="7799" draggable="true" on_blocking="true" thickness="100/100">
		<alternate>
			-- south --
			<composite chance="10">
				<tile x="0" y="0">
					<item id="7799"/>
				</tile>
				<tile x="0" y="1">
					<item id="7800"/>
				</tile>
			</composite>
		</alternate>
		<alternate>
			-- east --
			<composite chance="10">
				<tile x="0" y="0">
					<item id="7801"/>
				</tile>
				<tile x="1" y="0">
					<item id="7802"/>
				</tile>
			</composite>
		</alternate>
	</brush>

	<brush name="green bed" type="doodad" server_lookid="7811" draggable="true" on_blocking="true" thickness="100/100">
		<alternate>
			-- south --
			<composite chance="10">
				<tile x="0" y="0">
					<item id="7811"/>
				</tile>
				<tile x="0" y="1">
					<item id="7812"/>
				</tile>
			</composite>
		</alternate>
		<alternate>
			-- east --
			<composite chance="10">
				<tile x="0" y="0">
					<item id="7813"/>
				</tile>
				<tile x="1" y="0">
					<item id="7814"/>
				</tile>
			</composite>
		</alternate>
	</brush>

	<brush name="female red bed" type="doodad" server_lookid="7803" draggable="true" on_blocking="true" thickness="100/100">
		<alternate>
			-- south --
			<composite chance="10">
				<tile x="0" y="0">
					<item id="7803"/>
				</tile>
				<tile x="0" y="1">
					<item id="7804"/>
				</tile>
			</composite>
		</alternate>
		<alternate>
			-- east --
			<composite chance="10">
				<tile x="0" y="0">
					<item id="7805"/>
				</tile>
				<tile x="1" y="0">
					<item id="7806"/>
				</tile>
			</composite>
		</alternate>
	</brush>

	<brush name="male red bed" type="doodad" server_lookid="7791" draggable="true" on_blocking="true" thickness="100/100">
		<alternate>
			-- south --
			<composite chance="10">
				<tile x="0" y="0">
					<item id="7791"/>
				</tile>
				<tile x="0" y="1">
					<item id="7792"/>
				</tile>
			</composite>
		</alternate>
		<alternate>
			-- east --
			<composite chance="10">
				<tile x="0" y="0">
					<item id="7793"/>
				</tile>
				<tile x="1" y="0">
					<item id="7794"/>
				</tile>
			</composite>
		</alternate>
	</brush>

	<brush name="red bed" type="doodad" server_lookid="7815" draggable="true" on_blocking="true" thickness="100/100">
		<alternate>
			-- south --
			<composite chance="10">
				<tile x="0" y="0">
					<item id="7815"/>
				</tile>
				<tile x="0" y="1">
					<item id="7816"/>
				</tile>
			</composite>
		</alternate>
		<alternate>
			-- east --
			<composite chance="10">
				<tile x="0" y="0">
					<item id="7817"/>
				</tile>
				<tile x="1" y="0">
					<item id="7818"/>
				</tile>
			</composite>
		</alternate>
	</brush>

	<brush name="female hay bed" type="doodad" server_lookid="7841" draggable="true" on_blocking="true" thickness="100/100">
		<alternate>
			-- south --
			<composite chance="10">
				<tile x="0" y="0">
					<item id="7841"/>
				</tile>
				<tile x="0" y="1">
					<item id="7842"/>
				</tile>
			</composite>
		</alternate>
		<alternate>
			-- east --
			<composite chance="10">
				<tile x="0" y="0">
					<item id="7843"/>
				</tile>
				<tile x="1" y="0">
					<item id="7875"/>
				</tile>
			</composite>
		</alternate>
	</brush>

	<brush name="female bed" type="doodad" server_lookid="7778" draggable="true" on_blocking="true" thickness="100/100">
		<alternate>
		-- south --
			<composite chance="10">
				<tile x="0" y="0">
					<item id="7778"/>
				</tile>
				<tile x="0" y="1">
					<item id="8075"/>
				</tile>
			</composite>
		</alternate>
		<alternate>
			-- east --
			<composite chance="10">
				<tile x="0" y="0">
					<item id="7779"/>
				</tile>
				<tile x="1" y="0">
					<item id="7780"/>
				</tile>
			</composite>
		</alternate>
	</brush>

	<brush name="female cot bed" type="doodad" server_lookid="7781" draggable="true" on_blocking="true" thickness="100/100">
		<alternate>
			-- south --
			<composite chance="10">
				<tile x="0" y="0">
					<item id="7781"/>
				</tile>
				<tile x="0" y="1">
					<item id="7782"/>
				</tile>
			</composite>
		</alternate>
		<alternate>
			-- east --
			<composite chance="10">
				<tile x="0" y="0">
					<item id="7783"/>
				</tile>
				<tile x="1" y="0">
					<item id="7784"/>
				</tile>
			</composite>
		</alternate>
	</brush>

	<brush name="female hammock bed" type="doodad" server_lookid="7785" draggable="true" on_blocking="true" thickness="100/100">
		<alternate>
			-- south --
			<composite chance="10">
				<tile x="0" y="0">
					<item id="7785"/>
				</tile>
				<tile x="0" y="1">
					<item id="8077"/>
				</tile>
			</composite>
		</alternate>
		<alternate>
			-- east --
			<composite chance="10">
				<tile x="0" y="0">
					<item id="7786"/>
				</tile>
				<tile x="1" y="0">
					<item id="8078"/>
				</tile>
			</composite>
		</alternate>
	</brush>

	<tileset name="Beds">
		<doodad>
			<brush name="golden bed"/>
			<brush name="male golden bed"/>
			<brush name="female golden bed"/>
			<brush name="green bed"/>
			<brush name="male green bed"/>
			<brush name="female green bed"/>
			<brush name="red bed"/>
			<brush name="male red bed"/>
			<brush name="female red bed"/>
			<brush name="female hay bed" after="hay bed with sleeper"/>
			<brush name="female bed" after="normal bed with sleeper"/>
			<brush name="female cot bed" after="cot with sleeper"/>
			<brush name="female hammock bed" after="hammock with sleeper"/>
		</doodad>
	</tileset>

</materialsextension>